{"type": "metrics", "dataset": "train", "precision": 0.8769638585375316, "balanced_accuracy": 0.7154735057848051, "recall": 0.8335279296995023, "f1_score": 0.8546943919344675}
{"type": "metrics", "dataset": "test", "precision": 0.8806282722513089, "balanced_accuracy": 0.7060936996623776, "recall": 0.8302073050345509, "f1_score": 0.8546747967479674}
{"type": "cm_matrix", "dataset": "train", "true_0": {"predicted_0": 13564, "predicted_1": 2709}, "true_1": {"predicted_0": 1903, "predicted_1": 2824}}
{"type": "cm_matrix", "dataset": "test", "true_0": {"predicted_0": 5887, "predicted_1": 1204}, "true_1": {"predicted_0": 798, "predicted_1": 1111}}
