{"type": "metrics", "dataset": "train", "precision": 0.8784274859596961, "balanced_accuracy": 0.7138721271707458, "recall": 0.8169974804891538, "f1_score": 0.8465995924605196}
{"type": "metrics", "dataset": "test", "precision": 0.8835962628273855, "balanced_accuracy": 0.7077261484115906, "recall": 0.8135664927372726, "f1_score": 0.847136563876652}
{"type": "cm_matrix", "dataset": "train", "true_0": {"predicted_0": 15495, "predicted_1": 2978}, "true_1": {"predicted_0": 1840, "predicted_1": 2887}}
{"type": "cm_matrix", "dataset": "test", "true_0": {"predicted_0": 6769, "predicted_1": 1322}, "true_1": {"predicted_0": 760, "predicted_1": 1149}}
